<?xml version="1.0" encoding="UTF-8"?>

<!-- 
 * PopulateDatabase.xml
 *
 * Copyright (C) 2018 Universidad de Sevilla
 * 
 * The use of this project is hereby constrained to the conditions of the 
 * TDG Licence, a copy of which you may download from 
 * http://www.tdg-seville.info/License.html
 -->

<beans xmlns="http://www.springframework.org/schema/beans"
	xmlns:xsi="http://www.w3.org/2001/XMLSchema-instance"
	xsi:schemaLocation="
		http://www.springframework.org/schema/beans http://www.springframework.org/schema/beans/spring-beans.xsd
	">
	
	<!-- User accounts -->

	<bean id="userAccount1" class="security.UserAccount">
		<property name="username" value="admin" />
		<property name="password" value="21232f297a57a5a743894a0e4a801fc3" />
		<property name="authorities">
			<list>
				<bean class="security.Authority">
					<property name="authority" value="ADMIN" />
				</bean>
			</list>
		</property>
	</bean>

	<bean id="userAccount2" class="security.UserAccount">
		<property name="username" value="customer" />
		<property name="password" value="91ec1f9324753048c0096d036a694f86" />
		<property name="authorities">
			<list>
				<bean class="security.Authority">
					<property name="authority" value="CUSTOMER" />
				</bean>
			</list>
		</property>
	</bean>

	<bean id="userAccount3" class="security.UserAccount">
		<property name="username" value="super" />
		<property name="password" value="1b3231655cebb7a1f783eddf27d254ca" />
		<property name="authorities">
			<list>
				<bean class="security.Authority">
					<property name="authority" value="ADMIN" />
				</bean>
				<bean class="security.Authority">
					<property name="authority" value="CUSTOMER" />
				</bean>
			</list>
		</property>
	</bean>
	
	<!-- Other domain beans come here -->
	
	<!-- Actor -->
	<bean id="actorSuper" class="domain.Actor">
		<property name="userAccount" ref="userAccount3" />
	</bean>
	
	<!-- Administrator -->
	<bean id="admin" class="domain.Administrator">
		<property name="userAccount" ref="userAccount1" />
	</bean>
	
	<!-- Customer -->
	<bean id="customer" class="domain.Customer">
		<property name="userAccount" ref="userAccount2" />
	</bean>
	
	<!-- Shout -->
	<bean id="shout1" class="domain.Shout">
		<property name="username" value="Juan Sanchez" />
		<property name="link" value="http://www.us.es" />
		<property name="text" value="Texto corto 1" />
	</bean>	
	
	<bean id="shout2" class="domain.Shout">
		<property name="username" value="Matilde Perez" />
		<property name="link" value="http://www.dte.us.es" />
		<property name="text" value="Texto corto 2" />
	</bean>
	
	<bean id="shout3" class="domain.Shout">
		<property name="username" value="Jose Martinez" />
		<property name="link" value="http://www.lsi.us.es" />
		<property name="text" value="Texto corto 3" />
	</bean>
	
	<bean id="shout4" class="domain.Shout">
		<property name="username" value="Josefina Sevilla" />
		<property name="link" value="http://www.mat.us.es" />
		<property name="text" value="Texto corto 4" />
	</bean>
	
	<bean id="shout5" class="domain.Shout">
		<property name="username" value="Josito Fernandez" />
		<property name="link" value="http://www.fis.us.es" />
		<property name="text" value="Texto corto 5" />
	</bean>
	
	<bean id="shout6" class="domain.Shout">
		<property name="username" value="Juana Arcos" />
		<property name="link" value="http://www.marca.com" />
		<property name="text" value="Texto largo 00000000000001" />
	</bean>
	
	<bean id="shout7" class="domain.Shout">
		<property name="username" value="Maria Hernandez" />
		<property name="link" value="http://www.as.com" />
		<property name="text" value="Texto largo 00000000000002" />
	</bean>
	
	<bean id="shout8" class="domain.Shout">
		<property name="username" value="Sofia Cruz" />
		<property name="link" value="http://www.boe.es" />
		<property name="text" value="Texto largo 00000000000003" />
	</bean>
	
	<bean id="shout9" class="domain.Shout">
		<property name="username" value="Jon Nieve" />
		<property name="link" value="http://www.hola.es" />
		<property name="text" value="Texto largo 00000000000004" />
	</bean>
	
</beans>